Company Name,Year,Revenue (USD),Unnamed: 0,Related Party Transactions,Internal Control Weakness,Total Risk Score,Industry Risk Score,No. of Transactions,Loss Risk Score,Money_Value,Historical Risk Score,District,Audit Risk (High/Low),
Company_1,2023,27574343,0,4.18,2.5,6.68,3.89,5,2,3.38,2,2,1,
Company_2,2022,12051028,1,0,4.83,4.83,3.89,5,2,0.94,2,2,0,
Company_3,2022,64320886,2,0.51,0.23,0.74,3.89,5,2,0,2,2,0,
Company_4,2022,17359463,3,0,10.8,10.8,3.89,6,2,11.75,2,2,1,
Company_5,2021,99043747,4,0,0.08,0.08,3.89,5,2,0,2,2,0,
Company_6,2021,31448972,5,0,0.83,0.83,3.89,5,2,2.95,2,2,0,
Company_7,2023,58462681,6,1.1,7.41,8.51,3.89,5,2,44.95,2,2,1,
Company_8,2022,87581459,7,8.5,12.03,20.53,3.89,5.5,2,7.79,2,2,1,
Company_9,2021,30058062,8,8.4,11.05,19.45,3.89,5.5,2,7.34,2,2,1,
Company_10,2023,81444992,9,3.98,0.99,4.97,3.89,5,2,1.93,2,2,1,
Company_11,2023,93750767,10,5.43,10.77,16.2,3.89,5,2,4.42,2,2,1,
Company_12,2021,40802850,11,15.38,40.14,55.52,3.89,5,4,0.96,4,2,1,
Company_13,2022,77789902,12,5.47,7.63,13.1,3.89,5,2,10.43,4,2,1,
Company_14,2022,70214117,13,1.09,0.35,1.44,3.89,5,2,0,2,2,1,
Company_15,2023,85192322,14,0,0.84,0.84,3.89,5,2,0.007,2,2,0,
Company_16,2023,66169194,15,1.95,9.01,10.96,3.89,5,2,9,2,2,1,
Company_17,2021,29869005,16,8.54,31.63,40.17,3.89,5,2,41.28,4,2,1,
Company_18,2023,24018256,17,4.18,4.83,9.01,3.89,5.5,2,14.03,2,2,1,
Company_19,2021,89680064,18,1.81,1.03,2.84,3.89,5,2,0,2,2,1,
Company_20,2021,48536323,19,4.86,46.78,51.64,3.89,5.5,2,63.18,2,2,1,
Company_21,2022,91776508,20,6.26,14.1,20.36,3.89,5,2,34.24,4,2,1,
Company_22,2022,66681415,21,0.02,5.94,5.96,3.89,5,2,0.01,2,2,1,
Company_23,2022,71161204,22,5.31,22.79,28.1,3.89,5,2,205.19,4,2,1,
Company_24,2021,95341506,23,0.94,0.01,0.95,3.89,5,2,0.1,2,2,0,
Company_25,2021,62026151,24,5.78,57.92,63.7,3.89,5,2,11.16,2,2,1,
Company_26,2022,73807857,25,7.42,2.24,9.66,3.89,5,2,1.25,2,2,1,
Company_27,2023,53555759,26,0,1.1,1.1,3.89,5,2,0.007,2,2,0,
Company_28,2022,5141915,27,6.85,31.76,38.61,3.89,5,2,1.46,2,2,1,
Company_29,2021,2573062,28,0,1.03,1.03,3.89,5,2,0,2,2,0,
Company_30,2021,33605132,29,0,0.75,0.75,3.89,5,2,6.78,2,2,1,
Company_31,2023,45758698,30,2.4,16.63,19.03,3.89,5,2,1.16,2,2,1,
Company_32,2022,32099397,31,0,0.05,0.05,3.89,5,2,152.41,2,2,1,
Company_33,2021,73672890,32,0,1.76,1.76,3.89,5,2,1.08,2,2,0,
Company_34,2022,72978079,33,0,2.97,2.97,3.89,5,2,2.84,2,2,0,
Company_35,2023,49802605,34,0,0.43,0.43,3.89,5,2,0,2,2,0,
Company_36,2022,82564477,35,0,0.94,0.94,3.89,5,2,0.9,2,2,0,
Company_37,2021,83513342,36,9.01,19.82,28.83,3.89,5,2,9.67,2,2,1,
Company_38,2022,64733769,37,0,0.05,0.05,3.89,5,2,0,2,2,0,
Company_39,2022,8536492,38,11.95,30.9,42.85,3.89,5,2,32.68,2,2,1,
Company_40,2022,50788441,39,7.97,17.18,25.15,3.89,5,2,935.03,2,2,1,
Company_41,2023,6150164,40,0,3.71,3.71,3.89,5,2,29.63,2,2,1,
Company_42,2021,45309991,41,0.62,2.02,2.64,3.89,5,2,0.11,2,2,0,
Company_43,2023,18194220,42,0,2.27,2.27,3.89,5,2,2.62,2,2,0,
Company_44,2023,15733584,43,0,0,0,3.89,5,2,0,2,2,0,
Company_45,2021,87087743,44,1.32,0,1.32,3.89,5,2,0.06,2,2,1,
Company_46,2023,2777254,45,0,1.03,1.03,3.89,5,2,2.43,2,2,0,
Company_47,2023,6847347,46,0,15.38,15.38,3.89,5,2,126.13,2,2,1,
Company_48,2021,19792829,47,0,1.02,1.02,3.89,5,2,0,2,2,0,
Company_49,2023,89423803,48,0,20.71,20.71,3.89,5,2,20.79,6,2,1,
Company_50,2021,61699953,49,2.95,6.56,9.51,3.89,5,2,156.92,2,2,1,
Company_51,2023,53848473,50,1.97,2.1,4.07,3.89,5,6,12.29,2,2,1,
Company_52,2021,68449735,51,0,18.05,18.05,3.89,5,2,2.29,2,2,1,
Company_53,2021,8505372,52,0,0.93,0.93,3.89,5,2,7.78,2,2,1,
Company_54,2021,22291253,53,0,1.61,1.61,3.89,5,2,2.51,2,2,0,
Company_55,2021,36151855,54,6.32,9.01,15.33,3.89,5,2,8.31,2,2,1,
Company_56,2023,39847581,55,0,1.05,1.05,3.89,5,2,0.16,2,2,0,
Company_57,2021,13729248,56,0,6.8,6.8,3.89,5,2,47.9,2,2,1,
Company_58,2021,94376821,57,14.04,10.83,24.87,3.89,5,2,8.91,2,2,1,
Company_59,2023,39378109,58,6.67,18.02,24.69,3.89,5.5,2,4.95,6,2,1,
Company_60,2021,37597179,59,0,0,0,3.89,5,2,1.75,2,2,0,
Company_61,2021,11256705,60,0,0.08,0.08,3.89,5,2,0.68,2,2,0,
Company_62,2022,61116154,61,1.26,0.05,1.31,3.89,5,2,0,2,2,1,
Company_63,2021,62391171,62,0,0.03,0.03,3.89,5,2,0.06,2,2,0,
Company_64,2021,7394634,63,0,0.79,0.79,3.89,5,2,15.82,2,2,1,
Company_65,2021,88773878,64,4.76,13.03,17.79,3.89,5,2,0.58,4,2,1,
Company_66,2022,95253591,65,8.81,9.02,17.83,3.89,5,2,215.31,4,2,1,
Company_67,2022,17601729,66,0,0.07,0.07,3.89,5,2,0,2,2,0,
Company_68,2022,19644725,67,13.92,2.2,16.12,3.89,5,2,0.05,2,2,1,
Company_69,2023,11224400,68,1.07,0,1.07,3.89,5,2,0,2,2,1,
Company_70,2022,57556819,69,0,0.89,0.89,3.89,5,2,0,2,2,0,
Company_71,2021,73370129,70,0,3.98,3.98,3.89,6,2,53.34,2,2,1,
Company_72,2023,13960339,71,10,74.26,84.26,3.89,5.5,2,11.16,6,2,1,
Company_73,2023,23862592,72,4.24,8.06,12.3,3.89,5,2,10.69,2,2,1,
Company_74,2023,61197086,73,12.27,72.46,84.73,3.89,5,2,5.69,2,2,1,
Company_75,2021,27652722,74,0,0.96,0.96,3.89,5,2,1.35,2,2,0,
Company_76,2023,46504372,75,12.7,1.28,13.98,3.89,5,2,11.69,2,2,1,
Company_77,2021,27252290,76,0,63.13,63.13,3.89,5,2,14.6,4,2,1,
Company_78,2022,5762537,77,1.99,10.24,12.23,3.89,5,2,20.78,2,2,1,
Company_79,2023,83959720,78,0.05,0.21,0.26,3.89,5.5,2,102.22,2,2,1,
Company_80,2023,68572036,79,0,7.37,7.37,3.89,5,2,0.74,2,2,1,
Company_81,2022,54342716,80,0,3.72,3.72,3.89,5,2,0,6,2,1,
Company_82,2021,8655293,81,71.48,25.63,97.11,3.89,5,2,873.37,2,2,1,
Company_83,2022,45926176,82,0,0,0,3.89,5,2,0,2,2,0,
Company_84,2021,38630314,83,0.74,1,1.74,3.89,5,2,0,2,2,0,
Company_85,2022,58425071,84,0,0.58,0.58,3.89,5,2,0,2,2,0,
Company_86,2021,69659062,85,8.46,72.76,81.22,3.89,5,4,1.4,6,2,1,
Company_87,2022,94554878,86,0.42,0.07,0.49,3.89,5,2,0.42,2,2,0,
Company_88,2023,84231851,87,0.01,1.29,1.3,3.89,5.5,2,36.52,2,4,1,
Company_89,2023,46330539,88,6.85,65.93,72.78,3.89,5.5,2,6.02,2,4,1,
Company_90,2022,12531763,89,5.37,8.62,13.99,3.89,5,2,17.16,2,4,1,
Company_91,2022,47539562,90,4.93,6.54,11.47,3.89,5.5,2,12.91,2,4,1,
Company_92,2023,68037778,91,1.22,0.06,1.28,3.89,5,2,0,2,4,1,
Company_93,2023,3869551,92,0,0.85,0.85,3.89,5,2,0,2,4,1,
Company_94,2021,85164704,93,15.72,57.94,73.66,3.89,6,2,10.79,2,6,1,
Company_95,2023,60950712,94,4.95,42.61,47.56,3.89,5,2,3.46,4,6,1,
Company_96,2023,75493614,95,0,0.08,0.08,3.89,5,2,0.06,2,6,1,
Company_97,2022,60206135,96,1.19,12.88,14.07,3.89,5,2,2.33,2,6,1,
Company_98,2022,96331403,97,0,2.72,2.72,3.89,5,2,5.58,2,6,1,
Company_99,2021,95923990,98,0,1.66,1.66,3.89,5,2,0.76,2,6,1,
Company_100,2022,45732114,99,6.47,12.18,18.65,3.89,5,2,25.27,2,6,1,
Company_101,2021,70525755,100,1.33,0,1.33,3.89,5,2,0.2,2,6,1,
Company_102,2022,95148474,101,0,1.1,1.1,3.89,5,2,0,2,6,1,
Company_103,2023,4327588,102,2.57,4.49,7.06,3.89,5,2,7.56,4,2,1,
Company_104,2023,97480764,103,0,1.88,1.88,3.89,5,2,0,2,2,0,
Company_105,2021,74762470,104,0.77,18.31,19.08,3.89,5,2,67.03,2,2,1,
Company_106,2021,1615059,105,5.23,5.89,11.12,3.89,5,2,19.4,2,2,1,
Company_107,2021,27571369,106,6.59,23.66,30.25,3.89,5,2,34.83,4,2,1,
Company_108,2021,19897528,107,7.18,14.63,21.81,3.89,5,2,98.75,2,2,1,
Company_109,2021,42809022,108,1,0,1,3.89,5,2,0.36,2,2,1,
Company_110,2022,20781513,109,0,0.06,0.06,3.89,5,2,0,2,2,0,
Company_111,2023,90624256,110,2.63,2.55,5.18,3.89,5,2,0,2,2,1,
Company_112,2021,23028306,111,0,0.87,0.87,3.89,5,2,0,2,2,0,
Company_113,2023,14301595,112,10.96,41.47,52.43,3.89,5,2,35.21,4,2,1,
Company_114,2023,44836174,113,0,0.23,0.23,3.89,5,2,0,2,2,0,
Company_115,2021,74767775,114,4.25,45.51,49.76,3.41,5.5,2,8.2,2,2,1,
Company_116,2022,53761971,115,1.98,51.42,53.4,3.41,5.5,2,20.33,4,2,1,
Company_117,2021,30504257,116,1.44,29.25,30.69,3.41,5,2,35.13,2,2,1,
Company_118,2021,10250589,117,1.52,37.33,38.85,3.41,5.5,2,63.7,2,2,1,
Company_119,2023,19110199,118,3.63,10.85,14.48,3.41,5,2,0.28,2,2,1,
Company_120,2021,91206485,119,1.35,66.35,67.7,3.41,5.5,2,27.13,6,2,1,
Company_121,2022,21594545,120,9.97,88.73,98.7,3.41,5,2,10.27,2,2,1,
Company_122,2021,77837517,121,1.41,36.16,37.57,3.41,5,6,13.05,2,2,1,
Company_123,2022,14849417,122,1.98,67.91,69.89,3.41,5.5,2,18.79,4,2,1,
Company_124,2022,46352921,123,10.08,22.31,32.39,3.41,5.5,2,16.82,2,2,1,
Company_125,2022,14327133,124,1.44,9.65,11.09,3.41,6.5,2,10.03,2,2,1,
Company_126,2022,30953719,125,25.4,51.74,77.14,3.41,5,2,12.67,6,6,1,
Company_127,2022,44211745,126,3.21,72.07,75.28,3.41,5,2,13.79,4,6,1,
Company_128,2022,3800104,127,12.28,20.62,32.9,3.41,5,2,10.16,4,2,1,
Company_129,2022,89161513,128,6.93,70.26,77.19,3.41,5,2,9.73,2,2,1,
Company_130,2022,25276455,129,3.34,37.59,40.93,3.41,5,2,26.95,2,2,1,
Company_131,2023,52818432,130,15.66,74.53,90.19,3.41,5,2,29.07,2,2,1,
Company_132,2022,79144857,131,2.92,5.24,8.16,3.41,5,2,9.76,2,2,1,
Company_133,2022,42443568,132,0.83,28.06,28.89,3.41,5,2,13.31,2,2,1,
Company_134,2021,58063262,133,1.97,30.25,32.22,3.41,5,2,0.68,2,2,1,
Company_135,2021,51960317,134,10,47.9,57.9,3.41,5,2,7.7,2,2,1,
Company_136,2023,68401633,135,13.06,45.42,58.48,3.41,5,2,10.4,2,2,1,
Company_137,2022,91302915,136,1.35,33.25,34.6,3.41,5.5,2,20.62,2,2,1,
Company_138,2023,24555528,137,4.13,16.74,20.87,3.41,5,2,44.02,2,2,1,
Company_139,2022,98404111,138,12.62,80.06,92.68,3.41,5.5,2,43.53,2,4,1,
Company_140,2021,72367370,139,16.36,41.1,57.46,3.41,5,2,12.03,2,4,1,
Company_141,2023,78598386,140,12.68,41,53.68,3.41,5.5,2,11.88,2,2,1,
Company_142,2021,99684827,141,11.73,85.87,97.6,3.41,5,2,6.96,4,2,1,
Company_143,2022,47531749,142,5.15,44.67,49.82,3.41,5.5,2,21.07,2,2,1,
Company_144,2022,42183246,143,6.61,55.62,62.23,3.41,5,4,57.16,2,2,1,
Company_145,2021,85646972,144,8.03,94.43,102.46,3.41,5.5,2,10.65,6,2,1,
Company_146,2023,48408847,145,1.21,34.03,35.24,3.41,5,2,5.36,2,2,1,
Company_147,2021,67978877,146,1.64,46.21,47.85,3.41,5,2,2.45,2,2,1,
Company_148,2022,13554975,147,1.21,43.84,45.05,3.41,5.5,2,31.61,2,2,1,
Company_149,2023,75369557,148,1.1,87.71,88.81,3.41,5.5,2,34.32,2,2,1,
Company_150,2021,36864258,149,4.17,24.37,28.54,3.41,5,2,4.24,2,2,1,
Company_151,2021,36083922,150,1.08,32.71,33.79,3.41,5,2,8.38,2,2,1,
Company_152,2021,23785588,151,12.29,25.74,38.03,3.41,5,4,22.1,2,2,1,
Company_153,2022,90085384,152,12.54,31.62,44.16,3.41,5,2,54.07,2,2,1,
Company_154,2021,57972251,153,17.26,44.22,61.48,3.41,5,2,27.68,4,2,1,
Company_155,2022,63461312,154,1.15,20.1,21.25,3.41,6,2,21.45,2,2,1,
Company_156,2023,41505965,155,20.04,48.9,68.94,3.41,5,2,11.09,2,2,1,
Company_157,2022,95982984,156,12.17,47,59.17,3.41,6,2,10.14,2,2,1,
Company_158,2023,94213489,157,10.37,105.56,115.93,3.41,9,2,52.13,2,2,1,
Company_159,2022,95532530,158,9.67,62.25,71.92,3.41,5.5,2,17.02,2,2,1,
Company_160,2022,5378655,159,3.77,40.86,44.63,3.41,5,2,18,2,2,1,
Company_161,2022,77198821,160,4.73,60.22,64.95,3.41,5,2,69.76,2,2,1,
Company_162,2021,89189194,161,6.31,19.42,25.73,3.41,5.5,2,13.88,2,2,1,
Company_163,2021,79794971,162,5.61,1.56,7.17,3.41,5,2,4.03,2,2,1,
Company_164,2021,40308106,163,5.22,20.94,26.16,3.41,5,2,2.44,2,2,1,
Company_165,2023,76745899,164,0.31,58.12,58.43,3.41,5,4,78.98,2,2,1,
Company_166,2021,43747608,165,2.86,17.09,19.95,3.41,5.5,2,6.88,2,2,1,
Company_167,2022,2098422,166,16.53,72.99,89.52,3.41,5,2,5.49,4,2,1,
Company_168,2021,4770140,167,2.7,45.16,47.86,3.41,5,2,37.79,2,2,1,
Company_169,2022,48488943,168,3.08,60.78,63.86,3.41,5,2,0.36,2,2,1,
Company_170,2021,33443756,169,2,49.19,51.19,3.41,5,2,60.88,4,2,1,
Company_171,2023,34319582,170,1.18,0,1.18,3.41,5.5,4,183.2,2,2,1,
Company_172,2023,4161544,171,1.07,0,1.07,3.41,5,2,10.02,2,2,1,
Company_173,2023,71794338,172,1.07,0,1.07,3.41,5,2,0,2,6,1,
Company_174,2021,55448249,173,1.01,0,1.01,3.41,5,2,0,2,2,1,
Company_175,2022,39466350,174,0.93,0,0.93,3.41,5,2,0,2,2,0,
Company_176,2021,1815106,175,4.01,0,4.01,3.41,5,2,0,2,2,1,
Company_177,2022,30732045,176,0.77,0,0.77,3.41,5,2,0.32,2,2,0,
Company_178,2021,22805113,177,1.05,0,1.05,3.41,5,2,0,2,2,1,
Company_179,2023,26525814,178,1.01,0,1.01,3.41,5,2,0.28,2,2,1,
Company_180,2022,27242212,179,0.91,0,0.91,3.41,5,2,0,2,2,0,
Company_181,2023,53643717,180,1.12,0,1.12,3.41,5,2,0,2,2,1,
Company_182,2023,76879124,181,0.8,0,0.8,3.41,5,2,0.18,2,2,0,
Company_183,2021,38727834,182,0.65,0,0.65,3.41,5,2,0,2,2,0,
Company_184,2022,14471132,183,0.63,0,0.63,3.41,5,2,0,2,2,0,
Company_185,2022,92205373,184,0.43,0,0.43,3.41,5,2,0,2,2,0,
Company_186,2022,45070683,185,1.21,0,1.21,3.41,5,2,0,2,2,1,
Company_187,2022,77143111,186,0.17,0,0.17,3.41,5,2,0,2,2,0,
Company_188,2023,26175101,187,0,0,0,3.41,5,2,0,2,4,1,
Company_189,2021,70958430,188,0,0,0,3.41,5,2,0,2,2,0,
Company_190,2022,7163219,189,0.07,0,0.07,3.41,5,2,0,2,2,0,
Company_191,2023,61637244,190,5.11,53.76,58.87,2.72,6,2,48.56,6,2,1,
Company_192,2021,54324869,191,2.46,6.72,9.18,2.72,5,2,0,2,2,1,
Company_193,2023,96056611,192,4.05,21.66,25.71,2.72,5.5,2,18.45,2,2,1,
Company_194,2022,99786179,193,2.81,4.6,7.41,2.72,5,2,8.44,2,2,1,
Company_195,2021,25829321,194,4.43,61.47,65.9,2.72,5.5,2,39.65,2,2,1,
Company_196,2022,10614151,195,3.48,17.85,21.33,2.72,5,2,9.53,2,2,1,
Company_197,2023,64284867,196,3.62,44.28,47.9,2.72,5,2,44.67,2,2,1,
Company_198,2022,40331072,197,4.34,24.13,28.47,2.72,5,2,3.42,2,2,1,
Company_199,2021,79745845,198,3.62,8.37,11.99,2.72,5,2,0,2,2,1,
Company_200,2022,74671597,199,3.11,113.97,117.08,2.72,5.5,2,26.64,2,2,1,
Company_201,2022,50353158,200,1.65,20.86,22.51,2.72,5,2,16.91,2,2,1,
Company_202,2023,47446787,201,3.43,1.53,4.96,2.72,5,2,0,2,2,1,
Company_203,2022,99352002,202,3.84,98.67,102.51,2.72,5,2,12.9,2,2,1,
Company_204,2023,11964311,203,7.42,115.87,123.29,2.72,6,2,6.79,4,2,1,
Company_205,2023,14207083,204,7.07,35.48,42.55,2.72,5,2,8.76,2,2,1,
Company_206,2021,54274322,205,3.26,5.55,8.81,2.72,5,2,0.21,2,6,1,
Company_207,2023,44439730,206,3.84,144.39,148.23,2.72,5,4,19.68,4,2,1,
Company_208,2021,5051749,207,5.5,93.26,98.76,2.72,5,2,14.27,2,2,1,
Company_209,2021,80629216,208,1.9,35.04,36.94,2.72,6.5,2,16.19,2,2,1,
Company_210,2021,57911192,209,3.5,16.09,19.59,2.72,5,2,5.03,2,2,1,
Company_211,2022,69869905,210,1.46,0.75,2.21,2.72,5,2,0.11,2,2,1,
Company_212,2023,20309899,211,4.6,54.99,59.59,2.72,5,2,14.1,2,2,1,
Company_213,2021,41580309,212,7.43,79.5,86.93,2.72,5,2,102.39,2,2,1,
Company_214,2023,65984606,213,3.51,52.89,56.4,2.72,5,2,4.26,2,2,1,
Company_215,2023,30884786,214,5.65,67.16,72.81,2.72,6,2,27.23,2,2,1,
Company_216,2022,51924034,215,1.33,0.35,1.68,2.72,5,2,0,2,2,1,
Company_217,2023,71400655,216,5.45,71.09,76.54,2.72,5.5,2,59.18,2,2,1,
Company_218,2021,87676621,217,1.73,5.64,7.37,2.72,5,2,13.35,2,2,1,
Company_219,2021,94815147,218,6.02,135.69,141.71,2.72,6,2,89.64,2,4,1,
Company_220,2022,7221144,219,3.22,55.64,58.86,2.72,5,4,80.8,2,2,1,
Company_221,2021,79996585,220,2.41,5.28,7.69,2.72,5,2,8.95,2,4,1,
Company_222,2023,7172761,221,2.84,64.91,67.75,2.72,5.5,2,124.59,2,4,1,
Company_223,2023,53238250,222,1.75,0.57,2.32,2.72,5,2,0,2,4,1,
Company_224,2021,58489058,223,2.18,30.81,32.99,2.72,5,2,5.8,2,4,1,
Company_225,2023,64474770,224,3.26,2.81,6.07,2.72,6,2,21.6,2,4,1,
Company_226,2022,98404774,225,4.43,51.32,55.75,2.72,5.5,2,145.97,2,2,1,
Company_227,2023,66298805,226,5.61,99.33,104.94,2.72,6.5,2,76.47,2,2,1,
Company_228,2021,53426660,227,3.9,27.92,31.82,2.72,5,2,47.6,2,2,1,
Company_229,2023,13110281,228,2.19,0.68,2.87,2.72,5,2,28.4,2,2,1,
Company_230,2022,55251394,229,1.56,14.64,16.2,2.72,5,2,25.97,2,2,1,
Company_231,2023,24825275,230,4.53,87.93,92.46,2.72,5,2,85.81,2,2,1,
Company_232,2023,20702154,231,4.97,42.19,47.16,2.72,5.5,2,45.37,2,2,1,
Company_233,2023,81018590,232,2.13,0.59,2.72,2.72,5,2,0.76,2,2,1,
Company_234,2021,21409263,233,3.66,15.47,19.13,2.72,5,2,1.43,2,2,1,
Company_235,2021,28696101,234,1.64,0.19,1.83,2.72,5,2,1.59,2,2,1,
Company_236,2022,87270358,235,4.9,98.71,103.61,2.72,5.5,2,82.99,4,2,1,
Company_237,2023,98787126,236,5.68,67.38,73.06,2.72,5,2,86.7,4,2,1,
Company_238,2022,20493343,237,3.99,92.05,96.04,2.72,5,2,15.14,4,2,1,
Company_239,2023,33191987,238,3.47,47.07,50.54,2.72,5,2,31.38,2,2,1,
Company_240,2022,42030747,239,2.68,38.32,41,2.72,5,2,7.17,2,2,1,
Company_241,2022,9425969,240,2.13,42.64,44.77,2.72,5,2,18.24,2,2,1,
Company_242,2023,37020070,241,4.28,1264.63,1268.91,2.72,5.5,2,58.86,6,6,1,
Company_243,2021,92988436,242,4.36,33.91,38.27,2.72,5.5,4,6.06,2,6,1,
Company_244,2023,26589291,243,2.23,4.54,6.77,2.72,5,2,22.8,2,6,1,
Company_245,2021,33736220,244,2,0.32,2.32,2.72,5,2,5.37,2,2,1,
Company_246,2021,24661748,245,3.04,67.37,70.41,2.72,6.5,2,77.47,2,2,1,
Company_247,2022,1892391,246,1.19,122.07,123.26,2.72,5,2,15.2,2,2,1,
Company_248,2023,32120324,247,1.35,0,1.35,2.72,6,2,680.14,2,2,1,
Company_249,2022,24200159,248,1.14,0,1.14,2.72,5,2,0.71,2,2,1,
Company_250,2023,82499754,249,1.51,0,1.51,2.72,5,2,0,2,2,1,
Company_251,2022,93050108,250,1.13,0,1.13,2.72,5,2,0,2,2,1,
Company_252,2021,26404296,251,1.5,0,1.5,2.72,5,2,1.44,2,2,1,
Company_253,2022,3914780,252,0.96,0,0.96,2.72,5,2,0,2,2,0,
Company_254,2021,40041757,253,1.6,0,1.6,2.72,5,2,0,2,2,1,
Company_255,2022,80570282,254,1.34,0,1.34,2.72,5,2,0,2,4,1,
Company_256,2022,26997286,255,1.6,0,1.6,2.72,5,2,0.06,2,2,1,
Company_257,2022,22039001,256,1.13,0,1.13,2.72,5,2,0.02,2,2,1,
Company_258,2022,32214850,257,0,0,0,2.72,5,2,0,2,2,0,
Company_259,2022,1685332,258,0,0,0,2.72,5,2,0,2,2,0,
Company_260,2022,43663110,259,0.77,0,0.77,2.72,5,2,4.6,2,2,0,
Company_261,2023,54701018,260,1.05,0,1.05,2.72,5,2,0,2,2,1,
Company_262,2022,38406925,261,0,0,0,2.72,5,2,0,2,2,0,
Company_263,2023,50080532,262,0,0,0,2.72,5,2,30.85,2,2,1,
Company_264,2021,8933983,263,0,0,0,2.72,5,2,0,2,4,1,
Company_265,2021,20849065,264,0,0,0,2.72,5,2,0,2,2,0,
Company_266,2021,65688868,265,0,0,0,2.72,5,2,0,2,2,0,
Company_267,2021,15544693,266,0.84,0,0.84,2.72,5,2,8.21,2,2,1,
Company_268,2021,60142243,267,0,0,0,2.72,5,2,0,2,2,0,
Company_269,2022,8806298,268,0.85,0,0.85,2.72,5,2,0,2,2,0,
Company_270,2021,27135964,269,0,0.28,0.28,2.72,5,2,0,2,2,0,
Company_271,2022,74449456,270,0.61,0.07,0.68,2.72,5,2,0,2,2,0,
Company_272,2023,71783444,271,0,0.62,0.62,2.72,5,2,0,2,2,0,
Company_273,2021,6721084,272,3.43,1,4.43,2.37,5.5,4,49.31,4,2,1,
Company_274,2023,42147603,273,1.63,5.86,7.49,2.37,5,2,3.69,2,2,1,
Company_275,2022,65835209,274,3.75,1.25,5,2.37,6,2,11.25,2,6,1,
Company_276,2022,75662189,275,2.29,2.64,4.93,2.37,5,2,3.08,2,2,1,
Company_277,2023,20731782,276,2.51,8.59,11.1,2.37,5.5,2,16.03,6,2,1,
Company_278,2021,76804670,277,2.21,5.21,7.42,2.37,5,2,3.43,2,2,1,
Company_279,2022,15859209,278,2.22,6.23,8.45,2.37,5,2,0.89,2,2,1,
Company_280,2021,15850891,279,1.67,0.39,2.06,2.37,5,2,1.43,2,2,1,
Company_281,2023,86995275,280,2.59,0.66,3.25,2.37,5,2,1.28,2,2,1,
Company_282,2021,74248734,281,2.39,7.72,10.11,2.37,5,2,5.42,4,2,1,
Company_283,2023,24639510,282,3.42,10.55,13.97,2.37,5,2,6.96,2,2,1,
Company_284,2022,77494405,283,3.61,2.13,5.74,2.37,5,4,5.41,6,2,1,
Company_285,2023,81429597,284,1.86,4.51,6.37,2.37,5,2,7.27,2,2,1,
Company_286,2021,34161794,285,1.9,7.97,9.87,2.37,5,2,8.6,4,2,1,
Company_287,2023,73752623,286,3.29,6.41,9.7,2.37,5,2,3.66,2,2,1,
Company_288,2021,56727043,287,2.6,1.14,3.74,2.37,5,2,8.76,4,2,1,
Company_289,2021,10243057,288,3.81,11.52,15.33,2.37,5,2,3.25,2,4,1,
Company_290,2021,83212373,289,2.1,5.06,7.16,2.37,5,2,5.41,2,2,1,
Company_291,2022,21675438,290,2.22,3.4,5.62,2.37,5,2,26.28,4,2,1,
Company_292,2023,29304115,291,0.96,0.12,1.08,2.37,5,2,0.22,2,2,0,
Company_293,2021,96660338,292,0.81,4.6,5.41,2.37,5,2,1.82,2,2,1,
Company_294,2022,70778060,293,1.25,0.02,1.27,2.37,5,2,0.82,2,2,1,
Company_295,2021,50983907,294,1.65,0.02,1.67,2.37,5,2,27.99,2,2,1,
Company_296,2022,62334733,295,1.65,0.02,1.67,2.37,5,2,2.47,2,2,1,
Company_297,2021,66974805,296,2.13,0.11,2.24,2.37,5,2,7.54,2,2,1,
Company_298,2023,65629270,297,0.44,0.02,0.46,2.37,5,2,27.1,2,6,1,
Company_299,2023,90955368,298,1.31,0.12,1.43,2.37,5.5,2,0,2,6,1,
Company_300,2023,50784340,299,0.39,0.14,0.53,2.37,5,2,0.58,2,2,0,
Company_301,2023,57826954,300,1,1.1,2.1,2.37,5,2,0,2,2,1,
Company_302,2022,3642784,301,0.42,0.27,0.69,2.37,5,2,0,2,2,0,
Company_303,2021,94895152,302,1.07,0.59,1.66,2.37,5,2,0,2,2,1,
Company_304,2022,56262675,303,1.29,0.25,1.54,2.37,5,2,0,2,2,1,
Company_305,2021,21718303,304,0.02,0.87,0.89,2.37,5,2,0.04,2,2,0,
Company_306,2021,85005390,305,1.46,0.55,2.01,2.37,5,2,0.67,2,2,1,
Company_307,2022,73767856,306,0.84,0.06,0.9,2.37,5,2,0.72,2,2,0,
Company_308,2022,34739198,307,0.66,1.37,2.03,2.37,5,2,0.84,2,4,1,
Company_309,2022,23100250,308,0.53,5.4,5.93,2.37,5,2,0.72,2,2,1,
Company_310,2022,21093114,309,0.39,0.47,0.86,2.37,5,2,0,2,2,0,
Company_311,2022,64798728,310,0.51,0.47,0.98,2.37,5,2,0,2,2,0,
Company_312,2023,66407328,311,0.47,0.29,0.76,2.37,5,2,0.07,2,2,0,
Company_313,2023,1741720,312,3.35,0.99,4.34,2.37,5,2,0.12,2,2,1,
Company_314,2023,93182881,313,0.32,0.49,0.81,2.37,5,2,6.73,2,6,1,
Company_315,2023,92043555,314,0.51,0,0.51,2.37,5,2,0,2,6,1,
Company_316,2023,7857383,315,0,0,0,2.37,5,2,0.05,2,2,0,
Company_317,2023,1952785,316,0.31,0.69,1,2.37,5,2,0,2,2,0,
Company_318,2021,48561891,317,0.61,1.54,2.15,2.37,5,2,0.57,2,2,1,
Company_319,2021,32902409,318,0.26,0.17,0.43,2.37,5,2,0,2,2,0,
Company_320,2021,93483618,319,0.73,0.05,0.78,2.37,5,2,6.14,2,6,1,
Company_321,2022,60958264,320,0,0,0,2.37,5,2,0,2,6,1,
Company_322,2023,89882599,321,1.27,1.01,2.28,2.37,5,2,1.15,2,2,1,
Company_323,2023,46339814,322,1.62,0.49,2.11,2.37,5,2,0,2,2,1,
Company_324,2021,1142413,323,1.54,0.46,2,2.37,5,2,0.57,2,2,1,
Company_325,2021,35140248,324,2.18,0.93,3.11,2.37,5,2,0,2,6,1,
Company_326,2022,42428967,325,7.59,1.47,9.06,2.37,5.5,2,36.29,2,6,1,
Company_327,2022,15521879,326,0.76,0.34,1.1,2.37,5,2,0,2,6,1,
Company_328,2022,82259710,327,0.38,0.85,1.23,2.37,5,2,0.04,2,2,0,
Company_329,2021,39839791,328,1.29,0.13,1.42,2.37,5,2,0,2,2,1,
Company_330,2021,57215139,329,1.99,0.63,2.62,2.37,5,2,0,2,2,1,
Company_331,2022,81755683,330,0,0,0,2.37,5,2,0,2,2,0,
Company_332,2021,53318936,331,0.02,0.05,0.07,2.37,5,2,0,2,2,0,
Company_333,2023,51632852,332,0.14,0.08,0.22,2.37,5,2,0,2,2,0,
Company_334,2022,31695286,333,0.09,0,0.09,2.37,5,2,0,2,2,0,
Company_335,2021,40992733,334,0,0,0,2.37,5,2,0,2,2,0,
Company_336,2022,6629391,335,0,0,0,2.37,5,2,0,2,2,0,
Company_337,2023,3133055,336,0.01,0.007,0.017,2.37,5,2,0,2,2,0,
Company_338,2022,3451938,337,0.17,0.04,0.21,2.37,5,2,0,2,2,0,
Company_339,2023,4687216,338,1.66,0.83,2.49,2.37,5,2,0.31,2,6,1,
Company_340,2023,14878275,339,0.5,0.04,0.54,2.37,5,2,0,2,6,1,
Company_341,2023,88183953,340,0.9,0.29,1.19,2.37,5,2,1.22,2,6,1,
Company_342,2021,14300633,341,0,0,0,2.37,5,2,0.23,2,6,1,
Company_343,2023,37323761,342,57.03,134.33,191.36,1.99,5,2,844.37,2,2,1,
Company_344,2021,92798743,343,0.58,0,0.58,1.99,5,2,0,2,2,0,
Company_345,2022,1153174,344,1.52,0,1.52,1.99,5,2,6.96,2,2,1,
Company_346,2021,4108109,345,0.9,0,0.9,1.99,5,2,1.95,2,2,0,
Company_347,2021,52263617,346,1.19,0,1.19,1.99,5,2,0,2,2,1,
Company_348,2023,32283665,347,0.53,0,0.53,1.99,5,2,2.33,2,2,0,
Company_349,2021,67190367,348,0.93,0,0.93,1.99,5,2,0.11,2,2,0,
Company_350,2021,64553779,349,1.89,0,1.89,1.99,5,2,0,2,2,1,
Company_351,2021,62923347,350,1.71,0,1.71,1.99,5,2,0.09,2,2,1,
Company_352,2023,40158541,351,0.3,0,0.3,1.99,5,2,0,2,2,0,
Company_353,2023,86158412,352,0.76,0,0.76,1.99,5,2,7.48,2,2,1,
Company_354,2022,5194028,353,0.96,0,0.96,1.99,5,2,9.45,2,2,1,
Company_355,2023,47543011,354,1.26,0,1.26,1.99,5,2,0,2,2,1,
Company_356,2022,64542467,355,0.55,0,0.55,1.99,5,2,0.67,2,2,0,
Company_357,2022,37377475,356,0.29,0,0.29,1.99,5,2,0.06,2,2,0,
Company_358,2021,80254844,357,1.27,0,1.27,1.99,5,2,2.77,2,2,1,
Company_359,2022,24328713,358,1.34,0,1.34,1.99,5,2,0,2,2,1,
Company_360,2023,41072600,359,0.56,0,0.56,1.99,5,2,1.75,2,2,0,
Company_361,2021,41428840,360,0.86,0,0.86,1.99,5,2,0,2,6,1,
Company_362,2023,92096773,361,1.62,0,1.62,1.99,5,2,0,2,6,1,
Company_363,2021,93649236,362,3.02,0,3.02,1.99,5,2,0,2,6,1,
Company_364,2023,60126099,363,0.59,0,0.59,1.99,5,2,0,2,6,1,
Company_365,2021,57662184,364,1.1,0,1.1,1.99,5,2,0,2,2,1,
Company_366,2022,25314226,365,1.03,0,1.03,1.99,5,2,27.28,2,2,1,
Company_367,2021,10026454,366,0.66,0,0.66,1.99,5,2,0.73,2,2,0,
Company_368,2022,87926348,367,0.48,0,0.48,1.99,5,2,0.47,2,2,0,
Company_369,2022,39283681,368,1.27,0,1.27,1.99,5,2,175.9,2,2,1,
Company_370,2022,72218493,369,0.43,0,0.43,1.99,5,2,13.54,2,2,1,
Company_371,2023,23900293,370,1.65,0,1.65,1.99,5,2,0.01,2,2,1,
Company_372,2021,47966377,371,1.4,0,1.4,1.99,5,2,0,2,2,1,
Company_373,2023,85524095,372,1.14,0,1.14,1.99,5,2,41.82,2,2,1,
Company_374,2022,85920009,373,0.45,0,0.45,1.99,5,2,0,2,2,0,
Company_375,2022,52944294,374,0.6,0,0.6,1.99,5,2,0,2,2,0,
Company_376,2023,57510218,375,0.85,0,0.85,1.99,5,2,0,2,2,0,
Company_377,2023,12377476,376,1.19,0,1.19,1.99,5,2,29.76,2,2,1,
Company_378,2021,21548808,377,1.23,0,1.23,1.99,5,2,0.11,2,2,1,
Company_379,2023,42253572,378,1.12,0,1.12,1.99,5,2,0.05,2,2,1,
Company_380,2022,18864332,379,1.53,0,1.53,1.99,5,2,0.03,2,4,1,
Company_381,2023,12579133,380,0.77,0,0.77,1.99,5,2,0,2,4,1,
Company_382,2021,58574994,381,0.56,0,0.56,1.99,5,2,0,2,4,1,
Company_383,2021,58080436,382,1.82,0,1.82,1.99,5,2,85.13,2,4,1,
Company_384,2023,34246641,383,0.44,0,0.44,1.99,5,2,0.04,2,4,1,
Company_385,2021,24546620,384,1.46,0,1.46,1.99,5,2,0,2,2,1,
Company_386,2021,59483400,385,1.12,0,1.12,1.99,5,2,10.98,2,2,1,
Company_387,2021,78987003,386,1.56,0,1.56,1.99,5,2,0.1,2,2,1,
Company_388,2022,57092459,387,0,0,0,1.99,5,2,0,2,2,0,
Company_389,2022,18790533,388,0,0,0,1.99,5,2,0,2,2,0,
Company_390,2022,34468334,389,11.24,9.49,20.73,1.85,5.5,2,173.02,2,2,1,
Company_391,2021,10473900,390,3.7,0,3.7,1.85,5,2,0.12,2,2,1,
Company_392,2022,72581565,391,8.53,0.16,8.69,1.85,5,4,0.52,2,2,1,
Company_393,2022,93888642,392,0.47,1.59,2.06,1.85,5,2,1.24,2,2,1,
Company_394,2023,35036447,393,0.95,1.33,2.28,1.85,5,2,0.07,2,4,1,
Company_395,2022,12278143,394,13.15,1.63,14.78,1.85,5,2,1.19,2,4,1,
Company_396,2021,10182747,395,3.17,0.44,3.61,1.85,5,2,0,2,4,1,
Company_397,2023,61905780,396,7.02,1.77,8.79,1.85,5,2,0,2,4,1,
Company_398,2023,9821768,397,0,0,0,1.85,5,2,0,2,2,0,
Company_399,2023,42777159,398,0.95,0,0.95,1.85,5,4,0.13,2,4,1,
Company_400,2021,91067454,399,0,0,0,1.85,5,2,10.53,2,4,1,
Company_401,2023,73702690,400,9.19,4.2,13.39,1.85,5,2,0.52,2,2,1,
Company_402,2023,76449311,401,9.14,1.22,10.36,1.85,5,2,0,2,6,1,
Company_403,2021,7879472,402,0.26,0,0.26,1.85,5,2,0,2,2,0,
Company_404,2021,17679288,403,3.05,0.05,3.1,1.85,5,2,0,2,2,1,
Company_405,2021,28683960,404,0.56,72,72.56,1.85,5,2,0.51,2,2,1,
Company_406,2023,7777781,405,2.96,0.15,3.11,1.85,5,2,0,2,2,1,
Company_407,2022,4846311,406,2.48,0,2.48,1.85,5,2,0,2,2,1,
Company_408,2021,91586802,407,9.94,0.44,10.38,1.85,5,2,0.15,2,2,1,
Company_409,2022,90066331,408,5.13,0.09,5.22,1.85,5,2,0.01,2,2,1,
Company_410,2023,3569979,409,2.49,0.29,2.78,1.85,5,2,0.49,2,2,1,
Company_411,2023,56873110,410,7.22,0.28,7.5,1.85,5,2,0,2,2,1,
Company_412,2021,7504549,411,0.71,0.66,1.37,1.85,5,2,0,2,2,0,
Company_413,2023,81736408,412,19.21,2.47,21.68,1.85,5,2,0,2,6,1,
Company_414,2022,15902657,413,0.18,0,0.18,1.85,5,4,0,2,6,1,
Company_415,2022,12979008,414,5.9,0,5.9,1.85,5,4,0.74,2,6,1,
Company_416,2022,81500775,415,4.04,0,4.04,1.85,5,2,0.79,2,6,1,
Company_417,2023,96622006,416,2.81,0.11,2.92,1.85,5,2,19.45,2,6,1,
Company_418,2021,86778114,417,5.87,0,5.87,1.85,5,2,0.44,2,6,1,
Company_419,2021,49620569,418,1.75,0,1.75,1.85,5,2,0.35,2,6,1,
Company_420,2021,20520729,419,2.05,0,2.05,1.85,5,2,3.53,2,6,1,
Company_421,2022,80251277,420,0,0,0,1.85,5,4,0.04,2,6,1,
Company_422,2021,59400191,421,3.67,0.18,3.85,1.85,5,2,0,2,2,1,
Company_423,2023,83270480,422,0.64,0.95,1.59,1.85,5,2,0,4,2,1,
Company_424,2021,86178763,423,7.37,1.64,9.01,1.85,5,2,0.08,2,2,1,
Company_425,2021,45098610,424,10.79,0.67,11.46,1.85,5,2,0.04,2,2,1,
Company_426,2021,57712978,425,10.02,0.95,10.97,1.85,5,2,0.43,2,2,1,
Company_427,2022,17695853,426,0.44,0.62,1.06,1.85,5,2,0.64,2,2,0,
Company_428,2023,85472836,427,2.89,0.11,3,1.85,5,2,0.04,2,2,1,
Company_429,2023,33336043,428,0.6,1.14,1.74,1.85,5,2,0.43,2,2,1,
Company_430,2022,87303373,429,0.79,1.01,1.8,1.85,5,2,0.57,2,2,1,
Company_431,2021,79815656,430,3.26,0.36,3.62,1.85,5,2,0.02,2,2,1,
Company_432,2023,32044246,431,8.94,1.32,10.26,1.85,5,2,0.02,2,2,1,
Company_433,2023,33369656,432,4.6,1.17,5.77,1.85,5,2,0.04,2,2,1,
Company_434,2021,71904469,433,7.01,1.12,8.13,1.85,5,2,0.1,2,2,1,
Company_435,2021,1251772,434,1.04,0.91,1.95,1.85,5,2,0.37,2,2,1,
Company_436,2023,23988677,435,2.81,0.41,3.22,1.85,5,2,0,2,2,1,
Company_437,2021,36007513,436,0.7,0.6,1.3,1.85,5,2,0.51,2,2,0,
Company_438,2021,93834887,437,0.78,0.97,1.75,1.85,5,2,0.97,2,2,0,
Company_439,2021,84700442,438,7.09,1.95,9.04,1.85,5,2,0,2,2,1,
Company_440,2023,20208925,439,1.39,1.1,2.49,1.85,5,2,0,2,2,1,
Company_441,2023,53262638,440,2.46,0.37,2.83,1.85,5,2,0,2,2,1,
Company_442,2023,83788943,441,2.48,0.1,2.58,1.85,5,2,0,2,2,1,
Company_443,2022,99190899,442,1.28,1.75,3.03,1.85,5,2,0,2,2,1,
Company_444,2022,47101145,443,3.83,0.28,4.11,1.85,5,2,0,2,2,1,
Company_445,2021,87545953,444,3.74,0.55,4.29,1.85,5,2,0,2,2,1,
Company_446,2023,23684071,445,11.44,1.41,12.85,1.85,5,2,0.04,2,2,1,
Company_447,2022,33356107,446,4.99,0.64,5.63,1.85,5,2,0,2,2,1,
Company_448,2021,92114721,447,8.25,1.59,9.84,1.85,5,2,0.02,2,2,1,
Company_449,2021,89088381,448,0.25,1.8,2.05,1.85,5,2,0.74,2,2,1,
Company_450,2023,48816529,449,7.2,0.43,7.63,1.85,5,2,0.01,2,2,1,
Company_451,2021,60108827,450,0.73,1.24,1.97,1.85,5,2,0.2,2,2,1,
Company_452,2023,32156854,451,5.2,0,5.2,1.85,5,2,0,2,2,1,
Company_453,2023,80912207,452,1.16,0,1.16,1.85,5,2,0.11,2,6,1,
Company_454,2021,23480716,453,0,0,0,1.85,5,2,0.19,2,6,1,
Company_455,2022,81948822,454,0.65,0.03,0.68,1.85,5,2,0.14,2,2,0,
Company_456,2021,6527211,455,0.79,0,0.79,1.85,5,2,3.54,2,2,0,
Company_457,2022,99902452,456,3.28,0.25,3.53,1.85,5,2,0.04,2,6,1,
Company_458,2021,96172305,457,0.9,0,0.9,1.85,5,2,0.13,2,6,1,
Company_459,2022,96366166,458,5,0.54,5.54,1.85,5,2,0,2,2,1,
Company_460,2021,30797326,459,7.07,0.72,7.79,1.85,5,2,0,2,2,1,
Company_461,2021,66562009,460,1.08,1.98,3.06,1.85,5,2,3.92,2,2,1,
Company_462,2021,35883387,461,3.46,0.09,3.55,1.85,5,2,0.06,2,2,1,
Company_463,2021,73953348,462,0.6,1.08,1.68,1.85,5,2,0.33,2,2,1,
Company_464,2022,7071845,463,3.92,1.08,5,1.85,5,2,0,2,2,1,
Company_465,2023,7852759,464,7.84,2.81,10.65,1.85,5,4,0,2,2,1,
Company_466,2021,16894544,465,0.99,0,0.99,1.85,5,2,0,2,4,1,
Company_467,2022,63777522,466,0.17,0.11,0.28,1.85,5,2,0,2,2,0,
Company_468,2022,17491687,467,45.23,36.18,81.41,1.85,5,2,0,2,6,1,
Company_469,2022,39805507,468,1.69,0.21,1.9,1.85,5,2,0,2,2,1,
Company_470,2023,22588919,469,0.18,0.63,0.81,1.85,5,2,0,2,2,0,
Company_471,2023,48385727,470,0.01,0.91,0.92,1.85,5,2,0,2,2,0,
Company_472,2022,53662266,471,0.88,1.5,2.38,1.85,5,2,0.19,2,2,1,
Company_473,2021,80663979,472,1.17,0.15,1.32,1.85,5,2,0,2,2,1,
Company_474,2021,29909160,473,0,0,0,1.85,5,2,0,2,4,1,
Company_475,2023,88797681,474,0,0,0,1.85,5,2,0,2,2,0,
Company_476,2023,25136682,475,0,0,0,1.85,5,2,0.2,2,4,1,
Company_477,2023,86441904,476,0,0,0,1.85,5,2,0,2,2,0,
Company_478,2021,33829820,477,0,0,0,1.85,5,2,0,2,6,1,
Company_479,2023,90299092,478,0.99,0.11,1.1,1.85,5,2,0,2,6,1,
Company_480,2023,67692795,479,0.21,0,0.21,1.85,5,2,0,2,2,0,
Company_481,2022,98028412,480,2.2,0.28,2.48,1.85,5,2,0,2,2,1,
Company_482,2021,93370346,481,3.31,0.17,3.48,1.85,5,2,0,2,2,1,
Company_483,2022,97191381,482,2.43,0.27,2.7,1.85,5,2,0,2,2,1,
Company_484,2022,32619247,483,13.91,0.5,14.41,1.85,5,2,0.19,2,2,1,
Company_485,2023,88617578,484,1.71,0,1.71,2.36,6.5,4,88.4,6,6,1,
Company_486,2022,88411010,485,1.13,3.85,4.98,2.37,6.5,2,20.89,2,6,1,
Company_487,2021,35949488,486,17.53,0,17.53,2.37,6.5,2,94.75,6,6,1,
Company_488,2022,34130781,487,0.56,0.7,1.26,2.37,5,2,0,2,6,1,
Company_489,2022,64322568,488,0.56,0.08,0.64,2.37,5,2,0.05,2,6,1,
Company_490,2023,96829975,489,3.95,0,0,2.34,5.5,2,83.96,4,6,1,
Company_491,2023,4278901,490,0,0,0,2.34,5,2,0,2,2,0,
Company_492,2021,84062048,491,0,0,0,2.34,5,2,0,2,2,0,
Company_493,2021,6559033,492,0,0,0,2.34,5,2,0,2,2,0,
Company_494,2022,73849540,493,0,0,0,2.34,5,2,0,2,2,0,
Company_495,2022,22882595,494,20.65,0,0,15.56,6,2,397.31,4,6,1,
Company_496,2021,83826425,495,3.73,2.82,6.55,15.56,6,2,160.41,2,6,1,
Company_497,2022,18706804,496,0,0,0,15.56,5,2,23.97,2,6,1,
Company_498,2023,15778672,497,2.52,20.28,22.8,17.68,5,2,70.56,2,6,1,
Company_499,2023,32056392,498,3.14,5.68,8.82,21.61,5.5,2,11.33,2,4,1,
Company_500,2023,83585986,499,0.88,1.07,1.95,21.61,5,2,0.76,2,2,1,
Company_501,2023,5729568,500,0.8,0.82,1.62,21.61,5,2,1.32,2,2,0,
Company_502,2022,56595958,501,0.7,0.72,1.42,21.61,5,2,0,2,2,0,
Company_503,2022,74486363,502,0,0.39,0.39,21.61,5,2,0.24,2,2,0,
Company_504,2021,40098048,503,0.33,0,0.33,21.61,5,2,0,2,2,0,
Company_505,2022,66702139,504,0.28,0.16,0.44,21.61,5,2,0,2,2,0,
Company_506,2022,29332252,505,0.19,0.27,0.46,21.61,5,2,0.65,2,2,0,
Company_507,2023,18700032,506,0.53,0.62,1.15,21.61,5,2,0.01,2,2,0,
Company_508,2023,28434067,507,0.46,0.88,1.34,21.61,5,2,0.58,2,2,0,
Company_509,2023,95766984,508,0.31,0.28,0.59,21.61,5,2,0,2,2,0,
Company_510,2021,15555938,509,85,1.06,86.06,21.61,5,2,0,2,6,1,
Company_511,2022,48052190,510,0.75,0.9,1.65,21.61,5,2,1.4,2,2,0,
Company_512,2021,4423080,511,0.85,0.93,1.78,21.61,5,2,0,2,2,0,
Company_513,2022,5987847,512,0.34,0.36,0.7,21.61,5,2,0.03,2,2,0,
Company_514,2021,56918807,513,0.66,0.81,1.47,21.61,5,2,0.03,2,2,0,
Company_515,2021,59793349,514,0.59,0.69,1.28,21.61,5,2,0,2,2,0,
Company_516,2021,68409738,515,0.61,0.63,1.24,21.61,5,2,0,2,2,0,
Company_517,2022,37877787,516,0.72,0.8,1.52,21.61,5,2,0.02,2,2,0,
Company_518,2022,59887536,517,0.37,0.1,0.47,21.61,5,2,0,2,2,0,
Company_519,2021,50827142,518,0.62,0.71,1.33,21.61,5,2,0.08,2,2,0,
Company_520,2023,80967749,519,0.98,1.14,2.12,21.61,5,2,0,2,2,1,
Company_521,2023,19727608,520,0.32,0,0.32,21.61,5,2,0,2,2,0,
Company_522,2021,73672573,521,0.56,0.63,1.19,21.61,5,2,0.09,2,2,0,
Company_523,2021,92422525,522,0.54,0.56,1.1,21.61,5,2,0.8,2,2,0,
Company_524,2021,44593705,523,0.63,0.69,1.32,21.61,5,2,0.32,2,2,0,
Company_525,2023,64744684,524,0.37,0.46,0.83,21.61,5,2,0,2,2,0,
Company_526,2021,10293429,525,0,0,0,21.61,5,2,0,2,2,0,
Company_527,2021,71792966,526,0.29,0.33,0.62,21.61,5,2,0,2,2,0,
Company_528,2021,33251717,527,0.67,0.76,1.43,21.61,5,2,0,2,2,0,
Company_529,2021,82609679,528,0.43,0,0.43,21.61,5,2,0,2,2,0,
Company_530,2021,48744003,529,0.67,0.75,1.42,21.61,5,2,0.39,2,2,0,
Company_531,2023,47999636,530,0.84,1.09,1.93,21.61,5,2,0,2,2,1,
Company_532,2022,18435591,531,0.52,0.68,1.2,21.61,5,2,0,2,2,0,
Company_533,2023,99519467,532,0.38,0.48,0.86,21.61,5,2,0.33,2,2,0,
Company_534,2021,50583134,533,0.19,0.23,0.42,21.61,5,2,0,2,2,0,
Company_535,2021,88381700,534,0.27,0.35,0.62,21.61,5,2,0,2,2,0,
Company_536,2021,88981750,535,0.34,0.27,0.61,21.61,5,2,0,2,2,0,
Company_537,2021,55590020,536,0.02,0.66,0.68,21.61,5,2,0,2,2,0,
Company_538,2021,53959346,537,0,0,0,21.61,5,2,0.03,2,2,0,
Company_539,2021,30961013,538,0,0,0,21.61,5,2,0,2,2,0,
Company_540,2021,64807128,539,1.94,6.69,8.63,59.85,5.5,2,13.3,4,6,1,
Company_541,2022,28741126,540,0,0,0,59.85,5,2,0.29,2,2,0,
Company_542,2023,16472473,541,0,0,0,59.85,5,2,3.3,2,2,0,
Company_543,2021,9194789,542,0.27,0,0.27,59.85,5,2,16.09,2,2,1,
Company_544,2021,25465310,543,0,0,0,59.85,5,2,1.44,2,2,0,
Company_545,2022,88473339,544,0.03,0,0.03,59.85,5,2,1.66,2,2,0,
Company_546,2023,60451834,545,0,0,0,59.85,5,2,0.19,2,2,0,
Company_547,2021,17042893,546,0,0,0,59.85,5,2,0.7,2,2,0,
Company_548,2021,14395743,547,0.05,0,0.05,59.85,5,2,0.63,2,2,0,
Company_549,2021,16864267,548,0,0,0,59.85,5,2,0.93,2,2,0,
Company_550,2022,2720545,549,0.03,0,0.03,59.85,5,2,1.22,2,2,0,
Company_551,2023,54262056,550,0,0,0,59.85,5,4,1.2,2,2,1,
Company_552,2021,71595072,551,0.01,0.11,0.12,59.85,5,2,1.03,2,2,0,
Company_553,2021,90518017,552,0,0,0,59.85,5,2,2.86,2,2,0,
Company_554,2023,78696844,553,0.03,0,0.03,59.85,5,2,1.55,2,2,0,
Company_555,2021,69083808,554,0,0,0,59.85,5,2,2.39,2,2,0,
Company_556,2023,48161112,555,0.07,0,0.07,59.85,5,2,10.4,2,2,1,
Company_557,2021,81952311,556,0,0,0,59.85,5,2,1.3,2,4,1,
Company_558,2021,69063546,557,0.31,0,0.31,59.85,5,2,0,2,2,0,
Company_559,2022,83095280,558,0.15,0,0.15,59.85,5,2,0.05,2,2,0,
Company_560,2022,91861333,559,0,0,0,59.85,5,2,0,2,2,0,
Company_561,2021,5895121,560,0.01,0,0.01,59.85,5,2,0.6,2,2,0,
Company_562,2021,93039713,561,0.15,0,0.15,59.85,5,2,0,2,2,0,
Company_563,2023,8319696,562,0.2,0.28,0.48,59.85,5,2,0,2,2,0,
Company_564,2022,69673607,563,0.06,0,0.06,59.85,5,2,0,2,2,0,
Company_565,2021,23672209,564,0.3,0,0.3,59.85,5,2,0,2,2,0,
Company_566,2021,99424381,565,0,0,0,59.85,5,2,0,2,2,0,
Company_567,2023,12957159,566,0,0,0,59.85,5,2,0,2,2,0,
Company_568,2022,85490418,567,0.29,0,0.29,59.85,5,2,0.04,2,2,0,
Company_569,2022,47662911,568,0.48,0,0.48,59.85,5,2,0,2,2,0,
Company_570,2022,82148372,569,0.39,0.39,0.78,59.85,5,2,0.17,2,4,1,
Company_571,2023,36916866,570,0.21,0,0.21,59.85,5,2,0.33,2,4,1,
Company_572,2022,82499504,571,0,0,0,59.85,5,2,0,2,2,0,
Company_573,2021,4264508,572,0.42,0,0.42,59.85,5,2,0,2,4,1,
Company_574,2022,87271399,573,0.04,0,0.04,59.85,5,2,0.22,2,2,0,
Company_575,2021,37944963,574,0,0.22,0.22,59.85,5,2,0,2,2,0,
Company_576,2021,43513950,575,0,0,0,59.85,5,2,0,2,2,0,
Company_577,2021,81623484,576,0.29,0.39,0.68,55.57,5.5,2,0.05,2,2,1,
Company_578,2022,92615562,577,0,1.96,1.96,55.57,5,2,0.4,2,2,1,
Company_579,2022,38223918,578,2.24,7.26,9.5,55.57,5,2,0.24,2,2,1,
Company_580,2021,92966177,579,0.62,0.42,1.04,55.57,5,2,0,2,2,0,
Company_581,2023,83706009,580,1.7,5.91,7.61,55.57,5,2,3.68,2,4,1,
Company_582,2022,64340996,581,0.95,0.72,1.67,55.57,5,2,0,2,4,1,
Company_583,2021,1250245,582,0,0,0,55.57,5.5,2,85.05,2,6,1,
Company_584,2022,33116604,583,2.59,111.9,114.49,55.57,5,2,8.47,2,6,1,
Company_585,2021,68275799,584,6.48,43.08,49.56,55.57,5,2,253.12,6,6,1,
Company_586,2023,25886004,585,1.2,0.54,1.74,55.57,5,2,0.45,2,2,1,
Company_587,2021,22527260,586,0.26,0.21,0.47,55.57,5,2,0.05,2,2,0,
Company_588,2022,18977645,587,0.7,0.19,0.89,55.57,5,2,0,2,2,0,
Company_589,2023,46255679,588,1.59,0.13,1.72,55.57,5,2,0.11,2,2,1,
Company_590,2022,47235248,589,0,0,0,55.57,5,2,0.02,2,2,0,
Company_591,2023,5692043,590,3.14,4.97,8.11,55.57,5,2,6.41,4,2,1,
Company_592,2023,54485158,591,0.68,1.47,2.15,55.57,5,2,0,2,2,1,
Company_593,2021,25891104,592,0.67,1.71,2.38,55.57,5,2,0,2,2,1,
Company_594,2021,69179769,593,2.54,5.52,8.06,55.57,5,2,0.49,2,2,1,
Company_595,2022,56037733,594,1.84,4.25,6.09,55.57,5,2,0.82,2,2,1,
Company_596,2023,48603074,595,0,0,0,55.57,5,2,0,2,2,0,
Company_597,2021,89197108,596,3.1,4.66,7.76,55.57,5,2,0.59,2,2,1,
Company_598,2023,68108046,597,0.79,0.46,1.25,55.57,5,2,0.28,2,2,0,
Company_599,2021,11900626,598,0.38,0.09,0.47,55.57,5,2,0,2,2,0,
Company_600,2023,99935047,599,2.41,4.69,7.1,55.57,5,2,0.25,2,2,1,
Company_601,2021,61960549,600,0,0,0,55.57,5,2,0,2,2,0,
Company_602,2023,19771487,601,1.26,1.58,2.84,55.57,5,2,6.5,2,2,1,
Company_603,2021,26341222,602,0.6,0.46,1.06,55.57,5,2,0,2,2,0,
Company_604,2021,56996549,603,1.24,2.27,3.51,55.57,5,2,0,2,6,1,
Company_605,2021,51864139,604,0,0,0,55.57,5,2,0,2,6,1,
Company_606,2021,55375665,605,0.0006,1.11,1.1106,55.57,5,2,0,2,6,1,
Company_607,2021,31279089,606,1.49,2.34,3.83,55.57,5,2,0.25,2,2,1,
Company_608,2022,70593119,607,1.27,2,3.27,55.57,5,2,0.18,2,2,1,
Company_609,2022,93375126,608,2.42,3.53,5.95,55.57,5,2,6.31,2,2,1,
Company_610,2023,49408264,609,0.69,0.81,1.5,55.57,5,2,0,2,2,0,
Company_611,2023,13191074,610,1.85,4.16,6.01,55.57,5,2,0.51,2,2,1,
Company_612,2023,13024086,611,1.85,4.16,6.01,55.57,5,2,1.65,2,2,1,
Company_613,2022,39341739,612,2.45,5.47,7.92,55.57,5,2,5.61,2,2,1,
Company_614,2022,88243560,613,0.54,0.67,1.21,55.57,5,2,0,2,2,0,
Company_615,2021,48202872,614,0,0,0,55.57,5,2,0,2,2,0,
Company_616,2023,71666050,615,1.45,5.79,7.24,55.57,5,2,0.69,2,2,1,
Company_617,2022,72306308,616,0.84,0,0.84,55.57,5,2,0,2,2,0,
Company_618,2023,12255817,617,0,0,0,55.57,5,2,0,2,2,0,
Company_619,2022,73383859,618,0.11,0,0.11,55.57,5,2,0,2,2,0,
Company_620,2023,13705073,619,0.49,0,0.49,55.57,5,2,0,2,2,0,
Company_621,2022,55278682,620,0.41,0,0.41,55.57,5,2,0,2,2,0,
Company_622,2021,11667353,621,0.56,0,0.56,55.57,5,2,0,2,2,0,
Company_623,2021,69146399,622,0.87,0,0.87,55.57,5,2,0.1,2,2,0,
Company_624,2023,2437222,623,0.5,0,0.5,55.57,5,2,0,2,2,0,
Company_625,2022,34084428,624,0,0,0,55.57,5,2,0.02,2,2,0,
Company_626,2023,48929800,625,0.38,0.49,0.87,55.57,5,2,0,2,2,0,
Company_627,2021,39365250,626,0,0.03,0.03,55.57,5,2,0,2,2,0,
Company_628,2023,66950877,627,0.17,0,0.17,55.57,5,2,0,2,2,0,
Company_629,2023,27275388,628,0.84,0,0.84,55.57,5,2,0,2,4,1,
Company_630,2023,72812984,629,0.49,4.78,5.27,55.57,5,2,0,2,2,1,
Company_631,2023,42115513,630,0.67,0.41,1.08,55.57,5,2,0.99,2,4,1,
Company_632,2022,8296417,631,0.45,8.27,8.72,55.57,5,2,9.43,2,4,1,
Company_633,2022,15621762,632,0,0,0,55.57,5,2,0,2,4,1,
Company_634,2022,60345114,633,0.68,0,0.68,55.57,5,2,0,2,4,1,
Company_635,2022,46836585,634,0.99,0,0.99,55.57,5,2,0,2,4,1,
Company_636,2021,65325295,635,0.29,0,0.29,55.57,5,2,0,2,4,1,
Company_637,2021,35764801,636,1.67,0,1.67,55.57,5,2,0.06,2,4,1,
Company_638,2022,87120154,637,1.05,2.17,3.22,55.57,5,2,0,2,4,1,
Company_639,2022,97783831,638,0.74,0,0.74,55.57,5,2,0,2,6,1,
Company_640,2021,87441494,639,0,0,0,55.57,5,2,0,2,6,1,
Company_641,2021,63263887,640,0.51,1.36,1.87,55.57,5,2,0,2,2,1,
Company_642,2022,65520984,641,0.74,0,0.74,55.57,5,2,0.15,2,2,0,
Company_643,2023,19151790,642,0.23,0,0.23,55.57,5,2,,2,2,0,
Company_644,2023,2124154,643,0,1.3,1.3,55.57,5,2,0,2,2,1,
Company_645,2021,55886201,644,0.49,0,0.49,55.57,5,2,0,2,2,0,
Company_646,2021,99988100,645,0.73,0,0.73,55.57,5,2,0,2,2,0,
Company_647,2021,94136439,646,0.28,0.25,0.53,55.57,5,2,0,2,2,0,
Company_648,2022,16664077,647,0.32,0,0.32,55.57,5,4,0,2,2,1,
Company_649,2021,52947571,648,0.21,0,0.21,55.57,5,2,0,2,2,0,
Company_650,2022,37901611,649,1.63,0,1.63,55.57,5,2,0,2,2,1,
Company_651,2022,76921437,650,0.8,0,0.8,55.57,5,2,0,2,2,0,
Company_652,2023,82051715,651,0,0,0,55.57,5,2,0,2,2,0,
Company_653,2022,80048623,652,0.83,0,0.83,55.57,5,2,0,2,2,0,
Company_654,2021,49357727,653,0.57,1.26,1.83,55.57,5,2,0.1,2,2,1,
Company_655,2022,57057049,654,0.71,0,0.71,55.57,5,2,0,2,2,0,
Company_656,2022,76110823,655,0.15,0,0.15,55.57,5,2,0,2,2,0,
Company_657,2022,48161359,656,1.26,0,1.26,55.57,5,2,0,2,2,1,
Company_658,2021,95217881,657,0,0,0,55.57,5,2,0.01,2,2,0,
Company_659,2023,96934374,658,0,0,0,55.57,5,2,0,2,2,0,
Company_660,2022,92539722,659,0,0,0,55.57,5,2,0,2,2,0,
Company_661,2023,8103975,660,0.09,0,0.09,55.57,5,2,0,2,2,0,
Company_662,2021,22816345,661,0.51,0.03,0.54,55.57,5,2,0,2,2,0,
Company_663,2023,43460962,662,0.49,0,0.49,55.57,5,2,0.02,2,2,0,
Company_664,2022,61685224,663,1.1,0,1.1,55.57,5,2,0,2,2,1,
Company_665,2022,49583941,664,1.14,0,1.14,55.57,5,2,0,2,4,1,
Company_666,2023,95702284,665,0,0,0,55.57,5,2,0,2,2,0,
Company_667,2022,60679646,666,2.3,0,2.3,55.57,5,2,0,2,2,1,
Company_668,2022,6101977,667,1.6,0.49,2.09,55.57,5,2,88.34,2,2,1,
Company_669,2022,39061951,668,1.49,0,1.49,55.57,5,2,0,2,2,1,
Company_670,2021,87341951,669,0.24,0,0.24,55.57,5,2,0,2,2,0,
Company_671,2021,57092170,670,0.42,0,0.42,55.57,5,2,0,2,2,0,
Company_672,2023,50926330,671,1.07,0.16,1.23,55.57,5,2,0,2,2,1,
Company_673,2023,64203528,672,1.39,0,1.39,55.57,5,2,0,2,2,1,
Company_674,2022,38529990,673,0.07,0,0.07,55.57,5,2,0,2,2,0,
Company_675,2023,31049267,674,0.49,0.4,0.89,55.57,5,2,0,2,2,0,
Company_676,2022,84771048,675,0.88,0.54,1.42,55.57,5,2,0.11,2,2,0,
Company_677,2022,88348159,676,0,1.74,1.74,55.57,5,2,0,2,2,1,
Company_678,2022,37391789,677,1.28,0,1.28,55.57,5,2,0.22,2,2,1,
Company_679,2021,7060234,678,0,0,0,55.57,5,2,0,2,2,0,
Company_680,2023,27037080,679,0,0,0,55.57,5,2,0,2,2,0,
Company_681,2021,39608470,680,0.21,0,0.21,55.57,5,2,0,2,2,0,
Company_682,2023,47333275,681,0.92,0,0.92,55.57,5,2,0,2,2,0,
Company_683,2022,55086887,682,0.17,0,0.17,55.57,5,2,0,2,2,0,
Company_684,2022,30483643,683,0.26,0.0021,0.2621,55.57,5,2,0,2,2,0,
Company_685,2023,54755866,684,0.78,0,0.78,55.57,5,2,0,2,2,0,
Company_686,2022,84332873,685,0.98,0,0.98,55.57,5,2,0,2,2,0,
Company_687,2022,20386208,686,0.27,0.0017,0.2717,55.57,5,2,0,2,2,0,
Company_688,2021,72330756,687,0.41,0.11,0.52,55.57,5,2,0,2,2,0,
Company_689,2022,11371607,688,0.74,0,0.74,55.57,5,2,0.71,2,2,0,
Company_690,2022,17571716,689,0.82,2.92,3.74,55.57,5,2,0,2,2,1,
Company_691,2021,36845207,690,0,11.68,11.68,55.57,5,2,0,2,2,1,
Company_692,2021,95811414,691,0.61,0,0.61,55.57,5,2,0,2,2,0,
Company_693,2022,89696959,692,0.62,0.47,1.09,55.57,5,2,0.58,2,2,0,
Company_694,2021,59985125,693,0,0,0,55.57,5,2,3.57,2,2,0,
Company_695,2022,52952578,694,0,0,0,55.57,5,2,0,2,2,0,
Company_696,2022,39208540,695,0,0,0,55.57,5,2,0,2,2,0,
Company_697,2022,58119202,696,0,0,0,55.57,5,2,0,2,2,0,
Company_698,2022,84695753,697,1.08,0,1.08,55.57,5,2,0,2,2,1,
Company_699,2021,25622076,698,0.7,0,0.7,55.57,5,2,0,2,2,0,
Company_700,2023,1938801,699,1.36,0,1.36,55.57,5,2,0,2,2,1,
Company_701,2021,60215145,700,0,5.24,5.24,55.57,5,2,0,2,2,1,
Company_702,2022,88415582,701,0.32,0.17,0.49,55.57,5,2,0,2,2,0,
Company_703,2022,61980340,702,0.33,0.0013,0.3313,55.57,5,2,0,2,2,0,
Company_704,2022,29916133,703,1.08,0.92,2,55.57,5,2,0.04,2,2,1,
Company_705,2023,90554971,704,0,0,0,55.57,5,2,0,2,2,0,
Company_706,2021,25783516,705,0.6,0,0.6,55.57,5,2,0,2,2,0,
Company_707,2021,7564034,706,0.76,0,0.76,55.57,5,2,0,2,2,0,
Company_708,2022,27285734,707,0,2.99,2.99,55.57,5,2,0.06,2,2,1,
Company_709,2021,61863908,708,0,0,0,55.57,5,2,0,2,2,0,
Company_710,2023,39039937,709,0.49,0.28,0.77,55.57,5,2,0.07,2,2,0,
Company_711,2021,19239970,710,0,0.81,0.81,55.57,5,2,0,2,2,0,
Company_712,2023,30935105,711,0.41,0,0.41,55.57,5,2,0,2,2,0,
Company_713,2022,67343063,712,0,0,0,55.57,5,2,0,2,2,0,
Company_714,2023,77039590,713,0.82,0,0.82,55.57,5,2,0,2,2,0,
Company_715,2021,37987396,714,0.32,0.0009,0.3209,55.57,5,2,0,2,2,0,
Company_716,2023,82533921,715,0,0,0,55.57,5,2,0,2,2,0,
Company_717,2021,45191847,716,0,0,0,55.57,5,2,0,2,6,1,
Company_718,2021,55975409,717,1.06,0.63,1.69,55.57,5,2,0.9,2,6,1,
Company_719,2022,24386301,718,0,0,0,55.57,5,2,0,2,2,0,
Company_720,2022,11594085,719,0,0,0,55.57,5,2,0.13,2,2,0,
Company_721,2021,97006512,720,0,0,0,55.57,5,2,0,2,2,0,
Company_722,2022,43008508,721,0.51,1.63,2.14,55.57,5,2,1.8,2,2,1,
Company_723,2021,35826517,722,1.06,0,1.06,55.57,5,2,0,2,2,1,
Company_724,2023,58887079,723,0.71,0.25,0.96,55.57,5,2,0,2,2,0,
Company_725,2021,90455439,724,0,8.49,8.49,55.57,5,2,0.43,2,2,1,
Company_726,2022,70602606,725,1.6,0,1.6,55.57,5,2,0,2,2,1,
Company_727,2021,3541205,726,0.3,0.0023,0.3023,55.57,5,2,0,2,2,0,
Company_728,2023,78861595,727,0.47,0.46,0.93,55.57,5,2,0.42,2,2,0,
Company_729,2021,79907852,728,0,0,0,55.57,5,2,0.02,2,2,0,
Company_730,2023,56453882,729,1.19,0,1.19,55.57,5,2,0,2,2,1,
Company_731,2021,18507214,730,0,1.29,1.29,55.57,5,2,0,2,2,1,
Company_732,2023,23486459,731,0.7,0.79,1.49,55.57,5.5,2,1.91,2,2,1,
Company_733,2021,90980967,732,0.83,0,0.83,55.57,5,2,0.14,2,2,0,
Company_734,2022,83865445,733,0.74,0,0.74,55.57,5,2,2.4,2,2,0,
Company_735,2022,41932342,734,0.2,0,0.2,55.57,5,2,0,2,2,0,
Company_736,2023,1832849,735,1.4,0.06,1.46,55.57,5,2,0,2,2,1,
Company_737,2021,99451055,736,0.4,0.0025,0.4025,55.57,5,2,0,2,2,0,
Company_738,2022,21104733,737,0.85,1,1.85,55.57,5,2,0.4,2,2,1,
Company_739,2022,55355042,738,0,0.88,0.88,55.57,5,2,0.07,2,2,0,
Company_740,2023,96731002,739,0,0,0,55.57,5,2,0,2,2,0,
Company_741,2021,53555665,740,1.12,0,1.12,55.57,5,2,0,2,2,1,
Company_742,2022,27785280,741,1.28,0,1.28,55.57,5,2,0,2,2,1,
Company_743,2021,20040330,742,0,0,0,55.57,5,2,0,2,2,0,
Company_744,2021,24217287,743,0,1.16,1.16,55.57,5,2,0,2,2,1,
Company_745,2022,48978439,744,0.1,0,0.1,55.57,5,2,0,2,2,0,
Company_746,2021,30916760,745,1.06,1.6,2.66,55.57,5,2,16.09,2,2,1,
Company_747,2021,98004981,746,0.25,0.0017,0.2517,55.57,5,2,0,2,2,0,
Company_748,2021,93237853,747,0.31,0.0015,0.3115,55.57,5,2,0,2,2,0,
Company_749,2022,28323044,748,0,0,0,55.57,5,2,0,2,2,0,
Company_750,2022,25025718,749,0.84,0,0.84,55.57,5,2,0,2,2,0,
Company_751,2021,67753903,750,1.09,0,1.09,55.57,5,2,0,2,2,1,
Company_752,2023,30954824,751,1.29,0,1.29,55.57,5,2,0,2,2,1,
Company_753,2022,87750942,752,0.51,0.37,0.88,55.57,5,2,0,2,2,0,
Company_754,2022,41357209,753,0.09,0,0.09,55.57,5,2,0,2,2,0,
Company_755,2023,1391353,754,0.39,0.91,1.3,55.57,5,2,0,2,2,0,
Company_756,2023,10216049,755,1.07,0,1.07,55.57,5,2,0,2,2,1,
Company_757,2023,45600249,756,0,0,0,55.57,5,2,0,2,2,0,
Company_758,2022,3395656,757,0.5,2.97,3.47,55.57,5,2,0.18,2,2,1,
Company_759,2021,78508687,758,0.49,0.55,1.04,55.57,5,2,0,2,2,0,
Company_760,2021,94973360,759,0.84,0.65,1.49,55.57,5,2,0,2,2,0,
Company_761,2022,59099907,760,0.9,1.11,2.01,55.57,5,2,0,2,2,1,
Company_762,2021,60600104,761,0,0,0,55.57,5,2,0,2,2,0,
Company_763,2023,49044305,762,0.59,0,0.59,55.57,5,2,0,2,2,0,
Company_764,2023,8365847,763,0.02,0,0.02,55.57,5,2,0,2,2,0,
Company_765,2021,31786732,764,1.48,4.48,5.96,55.57,5,2,0,2,2,1,
Company_766,2021,16110471,765,0,3.3,3.3,55.57,5,2,0,2,2,1,
Company_767,2022,95920423,766,0.8,0.57,1.37,55.57,5,2,0,2,2,0,
Company_768,2021,25413724,767,0.36,0.54,0.9,55.57,5,2,0.21,2,2,0,
Company_769,2023,43601598,768,0.44,0.53,0.97,55.57,5,2,0,2,2,0,
Company_770,2023,41998954,769,0.51,0.5,1.01,55.57,5,2,0.09,2,2,0,
Company_771,2022,36747481,770,0.75,0.45,1.2,55.57,5,2,0,2,2,0,
Company_772,2022,5688389,771,0.49,0.4,0.89,55.57,5,2,0,2,2,0,
Company_773,2021,28930087,772,0.47,0.37,0.84,55.57,5,2,0,2,2,0,
Company_774,2022,51786874,773,0.24,0.04,0.28,55.57,5,2,0,2,2,0,
Company_775,2021,71367235,774,0.2,0,0.2,55.57,5,2,0,2,2,0,
Company_776,2022,67245390,775,0,0,0,55.57,5,2,0.32,2,2,0,
,,,,,,,,,,,,,,
,,,,,,,,,,,,,,
,,,,,,,,,,,,,,
,,,,,,,,,,,,,,
,,,,,,,,,,,,,,
,,,,,,,,,,,,,,
,,,,,,,,,,,,,,
,,,,,,,,,,,,,,
,,,,,,,,,,,,,,
,,,,,,,,,,,,,,
,,,,,,,,,,,,,,
,,,,,,,,,,,,,,
,,,,,,,,,,,,,,
,,,,,,,,,,,,,,
,,,,,,,,,,,,,,
,,,,,,,,,,,,,,
,,,,,,,,,,,,,,
,,,,,,,,,,,,,,
,,,,,,,,,,,,,,
,,,,,,,,,,,,,,
